timestamp,heart_rate,spo2,label,predicted_label
2025-07-01 00:00:00,77.5,98.0,Normal,Normal
2025-07-01 00:01:00,74.3,98.8,Normal,Normal
2025-07-01 00:02:00,78.2,97.3,Normal,Normal
2025-07-01 00:03:00,82.6,95.1,Normal,Normal
2025-07-01 00:04:00,73.8,97.6,Normal,Normal
2025-07-01 00:05:00,73.8,96.0,Normal,Normal
2025-07-01 00:06:00,82.9,96.2,Normal,Normal
2025-07-01 00:07:00,78.8,97.9,Normal,Normal
2025-07-01 00:08:00,72.7,98.9,Normal,Normal
2025-07-01 00:09:00,77.7,97.0,Normal,Normal
2025-07-01 00:10:00,72.7,97.5,Normal,Normal
2025-07-01 00:11:00,72.7,99.6,Normal,Normal
2025-07-01 00:12:00,76.2,97.4,Normal,Normal
2025-07-01 00:13:00,65.4,100.9,Normal,Normal
2025-07-01 00:14:00,66.4,97.8,Normal,Normal
2025-07-01 00:15:00,72.2,94.4,Normal,Normal
2025-07-01 00:16:00,69.9,98.1,Normal,Normal
2025-07-01 00:17:00,76.6,97.6,Normal,Normal
2025-07-01 00:18:00,70.5,98.9,Normal,Normal
2025-07-01 00:19:00,67.9,98.0,Normal,Normal
2025-07-01 00:20:00,82.3,96.8,Normal,Normal
2025-07-01 00:21:00,73.9,95.2,Normal,Normal
2025-07-01 00:22:00,75.3,96.7,Normal,Normal
2025-07-01 00:23:00,67.9,95.7,Normal,Normal
2025-07-01 00:24:00,72.3,96.1,Normal,Normal
2025-07-01 00:25:00,75.6,97.9,Normal,Normal
2025-07-01 00:26:00,69.2,99.5,Normal,Normal
2025-07-01 00:27:00,76.9,97.6,Normal,Normal
2025-07-01 00:28:00,72.0,95.2,Normal,Normal
2025-07-01 00:29:00,73.5,97.7,Normal,Normal
2025-07-01 00:30:00,72.0,98.8,Normal,Normal
2025-07-01 00:31:00,84.3,96.1,Normal,Normal
2025-07-01 00:32:00,74.9,96.8,Normal,Normal
2025-07-01 00:33:00,69.7,97.0,Normal,Normal
2025-07-01 00:34:00,79.1,95.8,Normal,Normal
2025-07-01 00:35:00,68.9,98.0,Normal,Normal
2025-07-01 00:36:00,76.0,96.8,Normal,Normal
2025-07-01 00:37:00,65.2,97.6,Normal,Normal
2025-07-01 00:38:00,68.4,95.7,Normal,Normal
2025-07-01 00:39:00,76.0,96.3,Normal,Normal
2025-07-01 00:40:00,78.7,98.1,Normal,Normal
2025-07-01 00:41:00,75.9,96.4,Normal,Normal
2025-07-01 00:42:00,74.4,99.6,Normal,Normal
2025-07-01 00:43:00,73.5,96.4,Normal,Normal
2025-07-01 00:44:00,67.6,97.3,Normal,Normal
2025-07-01 00:45:00,71.4,98.4,Normal,Normal
2025-07-01 00:46:00,115.7,89.9,Anomaly,Anomaly
2025-07-01 00:47:00,80.3,94.4,Normal,Normal
2025-07-01 00:48:00,76.7,94.7,Normal,Normal
2025-07-01 00:49:00,66.2,98.9,Normal,Normal
2025-07-01 00:50:00,76.6,96.2,Normal,Normal
2025-07-01 00:51:00,73.1,100.8,Normal,Normal
2025-07-01 00:52:00,71.6,96.2,Normal,Normal
2025-07-01 00:53:00,78.1,97.3,Normal,Normal
2025-07-01 00:54:00,80.2,99.3,Normal,Normal
2025-07-01 00:55:00,79.7,100.0,Normal,Normal
2025-07-01 00:56:00,107.8,90.5,Anomaly,Anomaly
2025-07-01 00:57:00,73.5,98.8,Normal,Normal
2025-07-01 00:58:00,76.7,98.5,Normal,Normal
2025-07-01 00:59:00,79.9,97.9,Normal,Normal
2025-07-01 01:00:00,72.6,98.2,Normal,Normal
2025-07-01 01:01:00,74.1,96.2,Normal,Normal
2025-07-01 01:02:00,69.5,95.8,Normal,Normal
2025-07-01 01:03:00,69.0,97.0,Normal,Normal
2025-07-01 01:04:00,79.1,96.7,Normal,Normal
2025-07-01 01:05:00,81.8,96.3,Normal,Normal
2025-07-01 01:06:00,74.6,98.0,Normal,Normal
2025-07-01 01:07:00,80.0,98.4,Normal,Normal
2025-07-01 01:08:00,76.8,97.1,Normal,Normal
2025-07-01 01:09:00,71.8,99.2,Normal,Normal
2025-07-01 01:10:00,76.8,95.3,Normal,Normal
2025-07-01 01:11:00,82.7,96.7,Normal,Normal
2025-07-01 01:12:00,74.8,95.9,Normal,Normal
2025-07-01 01:13:00,82.8,94.2,Normal,Normal
2025-07-01 01:14:00,61.9,96.9,Normal,Normal
2025-07-01 01:15:00,79.1,96.8,Normal,Normal
2025-07-01 01:16:00,75.4,99.3,Normal,Normal
2025-07-01 01:17:00,73.5,97.9,Normal,Normal
2025-07-01 01:18:00,75.5,95.5,Normal,Normal
2025-07-01 01:19:00,65.1,99.8,Normal,Normal
2025-07-01 01:20:00,73.9,98.8,Normal,Normal
2025-07-01 01:21:00,76.8,97.9,Normal,Normal
2025-07-01 01:22:00,82.4,96.7,Normal,Normal
2025-07-01 01:23:00,72.4,95.6,Normal,Normal
2025-07-01 01:24:00,71.0,96.4,Normal,Normal
2025-07-01 01:25:00,72.5,98.6,Normal,Normal
2025-07-01 01:26:00,79.6,99.8,Normal,Normal
2025-07-01 01:27:00,76.6,99.3,Normal,Normal
2025-07-01 01:28:00,72.4,96.3,Normal,Normal
2025-07-01 01:29:00,77.6,95.3,Normal,Normal
2025-07-01 01:30:00,75.5,97.2,Normal,Normal
2025-07-01 01:31:00,79.8,94.3,Normal,Normal
2025-07-01 01:32:00,71.5,97.5,Normal,Normal
2025-07-01 01:33:00,73.4,96.8,Normal,Normal
2025-07-01 01:34:00,73.0,96.3,Normal,Normal
2025-07-01 01:35:00,67.7,94.6,Normal,Normal
2025-07-01 01:36:00,52.5,97.8,Anomaly,Anomaly
2025-07-01 01:37:00,76.3,96.2,Normal,Normal
2025-07-01 01:38:00,75.0,95.2,Normal,Normal
2025-07-01 01:39:00,73.8,92.7,Normal,Normal
2025-07-01 01:40:00,67.9,97.0,Normal,Normal
2025-07-01 01:41:00,72.9,99.7,Normal,Normal
2025-07-01 01:42:00,73.3,99.5,Normal,Normal
2025-07-01 01:43:00,71.0,96.3,Normal,Normal
2025-07-01 01:44:00,74.2,96.1,Normal,Normal
2025-07-01 01:45:00,77.0,97.7,Normal,Normal
2025-07-01 01:46:00,84.4,95.5,Normal,Normal
2025-07-01 01:47:00,75.9,97.5,Normal,Normal
2025-07-01 01:48:00,76.3,98.1,Normal,Normal
2025-07-01 01:49:00,74.6,98.8,Normal,Normal
2025-07-01 01:50:00,65.4,96.8,Normal,Normal
2025-07-01 01:51:00,74.9,96.7,Normal,Normal
2025-07-01 01:52:00,75.3,95.7,Normal,Normal
2025-07-01 01:53:00,87.3,95.8,Normal,Normal
2025-07-01 01:54:00,74.0,96.7,Normal,Normal
2025-07-01 01:55:00,76.5,97.6,Normal,Normal
2025-07-01 01:56:00,74.8,98.4,Normal,Normal
2025-07-01 01:57:00,69.2,95.8,Normal,Normal
2025-07-01 01:58:00,80.7,99.2,Normal,Normal
2025-07-01 01:59:00,78.8,96.6,Normal,Normal
2025-07-01 02:00:00,79.0,97.0,Normal,Normal
2025-07-01 02:01:00,70.5,95.9,Normal,Normal
2025-07-01 02:02:00,82.0,93.4,Normal,Normal
2025-07-01 02:03:00,68.0,98.3,Normal,Normal
2025-07-01 02:04:00,77.9,98.1,Normal,Normal
2025-07-01 02:05:00,86.0,96.6,Normal,Normal
2025-07-01 02:06:00,70.0,97.1,Normal,Normal
2025-07-01 02:07:00,72.2,97.8,Normal,Normal
2025-07-01 02:08:00,75.5,94.7,Normal,Normal
2025-07-01 02:09:00,72.5,96.2,Normal,Normal
2025-07-01 02:10:00,67.2,98.2,Normal,Normal
2025-07-01 02:11:00,75.3,95.1,Normal,Normal
2025-07-01 02:12:00,69.7,97.4,Normal,Normal
2025-07-01 02:13:00,77.4,95.0,Normal,Normal
2025-07-01 02:14:00,70.4,97.7,Normal,Normal
2025-07-01 02:15:00,82.7,96.9,Normal,Normal
2025-07-01 02:16:00,71.1,94.6,Normal,Normal
2025-07-01 02:17:00,73.4,98.7,Normal,Normal
2025-07-01 02:18:00,79.1,95.9,Normal,Normal
2025-07-01 02:19:00,68.8,95.8,Normal,Normal
2025-07-01 02:20:00,76.1,97.3,Normal,Normal
2025-07-01 02:21:00,81.5,98.7,Normal,Normal
2025-07-01 02:22:00,67.0,95.5,Normal,Normal
2025-07-01 02:23:00,75.9,97.1,Normal,Normal
2025-07-01 02:24:00,76.3,97.6,Normal,Normal
2025-07-01 02:25:00,78.9,98.0,Normal,Normal
2025-07-01 02:26:00,68.8,97.3,Normal,Normal
2025-07-01 02:27:00,68.4,96.4,Normal,Normal
2025-07-01 02:28:00,77.6,95.8,Normal,Normal
2025-07-01 02:29:00,76.5,97.1,Normal,Normal
2025-07-01 02:30:00,76.3,95.4,Normal,Normal
2025-07-01 02:31:00,76.7,92.6,Normal,Normal
2025-07-01 02:32:00,71.6,97.7,Normal,Normal
2025-07-01 02:33:00,76.2,98.4,Normal,Normal
2025-07-01 02:34:00,76.5,93.5,Normal,Normal
2025-07-01 02:35:00,71.4,95.5,Normal,Normal
2025-07-01 02:36:00,84.3,97.9,Normal,Normal
2025-07-01 02:37:00,77.4,100.1,Normal,Normal
2025-07-01 02:38:00,69.0,97.0,Normal,Normal
2025-07-01 02:39:00,78.3,95.9,Normal,Normal
2025-07-01 02:40:00,70.1,96.7,Normal,Normal
2025-07-01 02:41:00,78.9,99.1,Normal,Normal
2025-07-01 02:42:00,80.8,96.0,Normal,Normal
2025-07-01 02:43:00,70.9,95.8,Normal,Normal
2025-07-01 02:44:00,79.8,96.3,Normal,Normal
2025-07-01 02:45:00,77.1,95.6,Normal,Normal
2025-07-01 02:46:00,79.1,97.2,Normal,Normal
2025-07-01 02:47:00,84.5,99.4,Normal,Normal
2025-07-01 02:48:00,73.8,97.5,Normal,Normal
2025-07-01 02:49:00,71.2,96.6,Normal,Normal
2025-07-01 02:50:00,70.6,96.6,Normal,Normal
2025-07-01 02:51:00,70.9,94.7,Normal,Normal
2025-07-01 02:52:00,74.6,98.3,Normal,Normal
2025-07-01 02:53:00,76.7,96.9,Normal,Normal
2025-07-01 02:54:00,76.4,96.7,Normal,Normal
2025-07-01 02:55:00,79.1,101.8,Normal,Normal
2025-07-01 02:56:00,75.1,97.4,Normal,Normal
2025-07-01 02:57:00,82.3,95.9,Normal,Normal
2025-07-01 02:58:00,73.7,96.4,Normal,Normal
2025-07-01 02:59:00,88.6,98.7,Normal,Normal
2025-07-01 03:00:00,78.1,97.2,Normal,Normal
2025-07-01 03:01:00,70.7,94.8,Normal,Normal
2025-07-01 03:02:00,69.6,98.4,Normal,Normal
2025-07-01 03:03:00,77.4,96.0,Normal,Normal
2025-07-01 03:04:00,73.9,99.8,Normal,Normal
2025-07-01 03:05:00,78.6,98.6,Normal,Normal
2025-07-01 03:06:00,77.4,96.3,Normal,Normal
2025-07-01 03:07:00,74.6,98.9,Normal,Normal
2025-07-01 03:08:00,70.8,97.1,Normal,Normal
2025-07-01 03:09:00,67.4,98.3,Normal,Normal
2025-07-01 03:10:00,72.8,97.7,Normal,Normal
2025-07-01 03:11:00,79.3,95.7,Normal,Normal
2025-07-01 03:12:00,76.1,96.0,Normal,Normal
2025-07-01 03:13:00,68.8,98.5,Normal,Normal
2025-07-01 03:14:00,75.9,96.5,Normal,Normal
2025-07-01 03:15:00,76.9,96.4,Normal,Normal
2025-07-01 03:16:00,70.6,95.6,Normal,Normal
2025-07-01 03:17:00,75.8,97.6,Normal,Normal
2025-07-01 03:18:00,75.3,100.1,Normal,Normal
2025-07-01 03:19:00,69.3,95.4,Normal,Normal
2025-07-01 03:20:00,76.8,97.0,Normal,Normal
2025-07-01 03:21:00,48.8,99.1,Anomaly,Anomaly
2025-07-01 03:22:00,80.4,96.9,Normal,Normal
2025-07-01 03:23:00,80.3,97.7,Normal,Normal
2025-07-01 03:24:00,68.1,95.4,Normal,Normal
2025-07-01 03:25:00,70.3,97.6,Normal,Normal
2025-07-01 03:26:00,77.6,96.7,Normal,Normal
2025-07-01 03:27:00,77.6,98.5,Normal,Normal
2025-07-01 03:28:00,77.6,98.8,Normal,Normal
2025-07-01 03:29:00,94.3,100.9,Normal,Anomaly
2025-07-01 03:30:00,77.9,97.9,Normal,Normal
2025-07-01 03:31:00,80.7,97.5,Normal,Normal
2025-07-01 03:32:00,58.8,97.3,Anomaly,Normal
2025-07-01 03:33:00,78.3,96.5,Normal,Normal
2025-07-01 03:34:00,73.4,97.5,Normal,Normal
2025-07-01 03:35:00,78.8,96.6,Normal,Normal
2025-07-01 03:36:00,71.1,97.3,Normal,Normal
2025-07-01 03:37:00,73.8,99.0,Normal,Normal
2025-07-01 03:38:00,42.6,95.5,Anomaly,Anomaly
2025-07-01 03:39:00,75.4,98.7,Normal,Normal
2025-07-01 03:40:00,86.6,99.0,Normal,Normal
2025-07-01 03:41:00,65.7,96.8,Normal,Normal
2025-07-01 03:42:00,78.4,93.8,Normal,Normal
2025-07-01 03:43:00,66.9,96.1,Normal,Normal
2025-07-01 03:44:00,72.6,98.9,Normal,Normal
2025-07-01 03:45:00,80.4,97.0,Normal,Normal
2025-07-01 03:46:00,75.3,95.5,Normal,Normal
2025-07-01 03:47:00,69.6,96.2,Normal,Normal
2025-07-01 03:48:00,71.4,98.3,Normal,Normal
2025-07-01 03:49:00,78.4,97.8,Normal,Normal
2025-07-01 03:50:00,71.3,96.6,Normal,Normal
2025-07-01 03:51:00,76.1,96.4,Normal,Normal
2025-07-01 03:52:00,75.2,96.4,Normal,Normal
2025-07-01 03:53:00,71.7,95.6,Normal,Normal
2025-07-01 03:54:00,85.7,99.4,Normal,Normal
2025-07-01 03:55:00,78.2,96.5,Normal,Normal
2025-07-01 03:56:00,64.9,98.8,Normal,Normal
2025-07-01 03:57:00,75.9,99.3,Normal,Normal
2025-07-01 03:58:00,71.7,98.5,Normal,Normal
2025-07-01 03:59:00,79.3,96.4,Normal,Normal
2025-07-01 04:00:00,71.0,97.6,Normal,Normal
2025-07-01 04:01:00,74.4,97.0,Normal,Normal
2025-07-01 04:02:00,77.5,95.6,Normal,Normal
2025-07-01 04:03:00,79.3,97.5,Normal,Normal
2025-07-01 04:04:00,69.0,95.2,Normal,Normal
2025-07-01 04:05:00,73.3,98.8,Normal,Normal
2025-07-01 04:06:00,72.6,96.3,Normal,Normal
2025-07-01 04:07:00,129.7,90.7,Anomaly,Anomaly
2025-07-01 04:08:00,83.8,97.4,Normal,Normal
2025-07-01 04:09:00,77.0,96.6,Normal,Normal
2025-07-01 04:10:00,68.7,97.9,Normal,Normal
2025-07-01 04:11:00,79.6,96.3,Normal,Normal
2025-07-01 04:12:00,85.6,98.3,Normal,Normal
2025-07-01 04:13:00,80.2,95.0,Normal,Normal
2025-07-01 04:14:00,67.4,97.2,Normal,Normal
2025-07-01 04:15:00,72.6,99.9,Normal,Normal
2025-07-01 04:16:00,81.3,95.5,Normal,Normal
2025-07-01 04:17:00,71.5,96.0,Normal,Normal
2025-07-01 04:18:00,77.2,97.8,Normal,Normal
2025-07-01 04:19:00,78.9,97.3,Normal,Normal
2025-07-01 04:20:00,101.4,91.5,Anomaly,Anomaly
2025-07-01 04:21:00,74.7,97.7,Normal,Normal
2025-07-01 04:22:00,58.8,98.0,Normal,Normal
2025-07-01 04:23:00,103.9,92.6,Anomaly,Anomaly
2025-07-01 04:24:00,73.7,97.6,Normal,Normal
2025-07-01 04:25:00,68.8,96.6,Normal,Normal
2025-07-01 04:26:00,83.2,98.0,Normal,Normal
2025-07-01 04:27:00,67.8,99.8,Normal,Normal
2025-07-01 04:28:00,72.8,96.8,Normal,Normal
2025-07-01 04:29:00,75.7,95.5,Normal,Normal
2025-07-01 04:30:00,82.2,98.7,Normal,Normal
2025-07-01 04:31:00,67.8,96.8,Normal,Normal
2025-07-01 04:32:00,80.8,93.7,Normal,Normal
2025-07-01 04:33:00,75.1,98.3,Normal,Normal
2025-07-01 04:34:00,70.1,96.2,Normal,Normal
2025-07-01 04:35:00,77.3,96.9,Normal,Normal
2025-07-01 04:36:00,76.0,97.5,Normal,Normal
2025-07-01 04:37:00,72.0,97.3,Normal,Normal
2025-07-01 04:38:00,75.3,98.1,Normal,Normal
2025-07-01 04:39:00,73.1,96.3,Normal,Normal
2025-07-01 04:40:00,75.6,97.8,Normal,Normal
2025-07-01 04:41:00,78.3,96.6,Normal,Normal
2025-07-01 04:42:00,82.9,98.1,Normal,Normal
2025-07-01 04:43:00,68.8,97.9,Normal,Normal
2025-07-01 04:44:00,85.7,95.6,Normal,Normal
2025-07-01 04:45:00,65.2,98.6,Normal,Normal
2025-07-01 04:46:00,74.2,96.2,Normal,Normal
2025-07-01 04:47:00,77.9,98.2,Normal,Normal
2025-07-01 04:48:00,76.4,97.6,Normal,Normal
2025-07-01 04:49:00,71.9,99.8,Normal,Normal
2025-07-01 04:50:00,74.0,96.7,Normal,Normal
2025-07-01 04:51:00,72.5,96.5,Normal,Normal
2025-07-01 04:52:00,72.1,97.0,Normal,Normal
2025-07-01 04:53:00,79.2,96.5,Normal,Normal
2025-07-01 04:54:00,76.8,98.2,Normal,Normal
2025-07-01 04:55:00,71.5,94.6,Normal,Normal
2025-07-01 04:56:00,79.5,95.4,Normal,Normal
2025-07-01 04:57:00,76.5,95.4,Normal,Normal
2025-07-01 04:58:00,79.1,98.4,Normal,Normal
2025-07-01 04:59:00,78.1,99.6,Normal,Normal
2025-07-01 05:00:00,70.9,96.8,Normal,Normal
2025-07-01 05:01:00,72.2,96.7,Normal,Normal
2025-07-01 05:02:00,78.7,97.1,Normal,Normal
2025-07-01 05:03:00,78.1,98.7,Normal,Normal
2025-07-01 05:04:00,74.9,95.6,Normal,Normal
2025-07-01 05:05:00,75.6,97.4,Normal,Normal
2025-07-01 05:06:00,81.4,98.5,Normal,Normal
2025-07-01 05:07:00,72.0,97.8,Normal,Normal
2025-07-01 05:08:00,77.7,97.3,Normal,Normal
2025-07-01 05:09:00,74.0,98.5,Normal,Normal
2025-07-01 05:10:00,73.9,92.9,Normal,Normal
2025-07-01 05:11:00,80.5,98.0,Normal,Normal
2025-07-01 05:12:00,79.1,96.0,Normal,Normal
2025-07-01 05:13:00,79.1,94.3,Normal,Normal
2025-07-01 05:14:00,81.5,97.8,Normal,Normal
2025-07-01 05:15:00,75.1,99.1,Normal,Normal
2025-07-01 05:16:00,78.4,96.8,Normal,Normal
2025-07-01 05:17:00,73.4,98.4,Normal,Normal
2025-07-01 05:18:00,76.6,99.4,Normal,Normal
2025-07-01 05:19:00,74.3,99.0,Normal,Normal
2025-07-01 05:20:00,75.5,99.5,Normal,Normal
2025-07-01 05:21:00,78.0,98.1,Normal,Normal
2025-07-01 05:22:00,70.9,97.1,Normal,Normal
2025-07-01 05:23:00,85.5,94.6,Normal,Normal
2025-07-01 05:24:00,70.0,96.6,Normal,Normal
2025-07-01 05:25:00,68.9,95.7,Normal,Normal
2025-07-01 05:26:00,80.8,100.3,Normal,Normal
2025-07-01 05:27:00,79.0,96.7,Normal,Normal
2025-07-01 05:28:00,78.1,97.2,Normal,Normal
2025-07-01 05:29:00,78.1,97.8,Normal,Normal
2025-07-01 05:30:00,74.9,97.1,Normal,Normal
2025-07-01 05:31:00,70.5,99.5,Normal,Normal
2025-07-01 05:32:00,75.4,96.1,Normal,Normal
2025-07-01 05:33:00,71.6,97.3,Normal,Normal
2025-07-01 05:34:00,79.9,95.9,Normal,Normal
2025-07-01 05:35:00,74.3,95.0,Normal,Normal
2025-07-01 05:36:00,70.9,96.1,Normal,Normal
2025-07-01 05:37:00,73.4,96.9,Normal,Normal
2025-07-01 05:38:00,77.1,96.4,Normal,Normal
2025-07-01 05:39:00,72.2,96.0,Normal,Normal
2025-07-01 05:40:00,70.9,94.9,Normal,Normal
2025-07-01 05:41:00,76.2,96.9,Normal,Normal
2025-07-01 05:42:00,76.2,94.7,Normal,Normal
2025-07-01 05:43:00,72.5,98.1,Normal,Normal
2025-07-01 05:44:00,72.6,97.1,Normal,Normal
2025-07-01 05:45:00,76.2,94.8,Normal,Normal
2025-07-01 05:46:00,67.8,96.5,Normal,Normal
2025-07-01 05:47:00,68.0,95.9,Normal,Normal
2025-07-01 05:48:00,71.4,97.5,Normal,Normal
2025-07-01 05:49:00,73.9,99.0,Normal,Normal
2025-07-01 05:50:00,76.6,94.2,Normal,Normal
2025-07-01 05:51:00,82.4,97.2,Normal,Normal
2025-07-01 05:52:00,47.3,96.8,Anomaly,Anomaly
2025-07-01 05:53:00,74.2,98.0,Normal,Normal
2025-07-01 05:54:00,74.9,97.3,Normal,Normal
2025-07-01 05:55:00,70.0,95.9,Normal,Normal
2025-07-01 05:56:00,74.9,96.5,Normal,Normal
2025-07-01 05:57:00,73.6,95.8,Normal,Normal
2025-07-01 05:58:00,76.6,98.6,Normal,Normal
2025-07-01 05:59:00,70.9,97.0,Normal,Normal
2025-07-01 06:00:00,77.6,99.9,Normal,Normal
2025-07-01 06:01:00,82.7,96.9,Normal,Normal
2025-07-01 06:02:00,74.5,95.9,Normal,Normal
2025-07-01 06:03:00,77.0,94.7,Normal,Normal
2025-07-01 06:04:00,78.5,94.3,Normal,Normal
2025-07-01 06:05:00,73.0,94.6,Normal,Normal
2025-07-01 06:06:00,76.1,97.4,Normal,Normal
2025-07-01 06:07:00,75.1,97.8,Normal,Normal
2025-07-01 06:08:00,75.5,94.6,Normal,Normal
2025-07-01 06:09:00,71.1,98.3,Normal,Normal
2025-07-01 06:10:00,75.1,96.3,Normal,Normal
2025-07-01 06:11:00,77.5,97.2,Normal,Normal
2025-07-01 06:12:00,82.3,99.4,Normal,Normal
2025-07-01 06:13:00,79.8,98.3,Normal,Normal
2025-07-01 06:14:00,85.8,96.6,Normal,Normal
2025-07-01 06:15:00,71.2,95.7,Normal,Normal
2025-07-01 06:16:00,79.4,93.8,Normal,Normal
2025-07-01 06:17:00,75.9,95.9,Normal,Normal
2025-07-01 06:18:00,85.9,96.7,Normal,Normal
2025-07-01 06:19:00,71.0,95.5,Normal,Normal
2025-07-01 06:20:00,70.8,96.8,Normal,Normal
2025-07-01 06:21:00,72.0,97.1,Normal,Normal
2025-07-01 06:22:00,64.4,96.7,Normal,Normal
2025-07-01 06:23:00,72.4,96.0,Normal,Normal
2025-07-01 06:24:00,71.2,97.3,Normal,Normal
2025-07-01 06:25:00,75.8,97.7,Normal,Normal
2025-07-01 06:26:00,76.7,95.4,Normal,Normal
2025-07-01 06:27:00,84.4,99.1,Normal,Normal
2025-07-01 06:28:00,79.8,96.9,Normal,Normal
2025-07-01 06:29:00,72.1,97.0,Normal,Normal
2025-07-01 06:30:00,70.5,98.1,Normal,Normal
2025-07-01 06:31:00,77.5,97.3,Normal,Normal
2025-07-01 06:32:00,68.4,98.4,Normal,Normal
2025-07-01 06:33:00,84.2,97.4,Normal,Normal
2025-07-01 06:34:00,80.9,96.1,Normal,Normal
2025-07-01 06:35:00,72.7,97.5,Normal,Normal
2025-07-01 06:36:00,66.4,95.3,Normal,Normal
2025-07-01 06:37:00,81.8,97.2,Normal,Normal
2025-07-01 06:38:00,74.4,97.0,Normal,Normal
2025-07-01 06:39:00,81.2,96.7,Normal,Normal
2025-07-01 06:40:00,67.0,96.8,Normal,Normal
2025-07-01 06:41:00,72.0,94.2,Normal,Normal
2025-07-01 06:42:00,75.0,96.2,Normal,Normal
2025-07-01 06:43:00,75.2,97.1,Normal,Normal
2025-07-01 06:44:00,72.7,97.2,Normal,Normal
2025-07-01 06:45:00,78.1,95.5,Normal,Normal
2025-07-01 06:46:00,69.7,98.9,Normal,Normal
2025-07-01 06:47:00,74.3,95.7,Normal,Normal
2025-07-01 06:48:00,75.6,98.5,Normal,Normal
2025-07-01 06:49:00,77.6,97.6,Normal,Normal
2025-07-01 06:50:00,78.6,96.0,Normal,Normal
2025-07-01 06:51:00,69.4,99.7,Normal,Normal
2025-07-01 06:52:00,67.3,95.2,Normal,Normal
2025-07-01 06:53:00,81.4,98.4,Normal,Normal
2025-07-01 06:54:00,76.7,98.5,Normal,Normal
2025-07-01 06:55:00,71.3,96.0,Normal,Normal
2025-07-01 06:56:00,82.8,99.1,Normal,Normal
2025-07-01 06:57:00,75.6,96.6,Normal,Normal
2025-07-01 06:58:00,80.9,97.4,Normal,Normal
2025-07-01 06:59:00,75.3,97.4,Normal,Normal
2025-07-01 07:00:00,85.3,96.8,Normal,Normal
2025-07-01 07:01:00,83.8,98.2,Normal,Normal
2025-07-01 07:02:00,73.8,98.2,Normal,Normal
2025-07-01 07:03:00,79.9,94.4,Normal,Normal
2025-07-01 07:04:00,124.2,91.9,Anomaly,Anomaly
2025-07-01 07:05:00,81.8,94.5,Normal,Normal
2025-07-01 07:06:00,70.2,98.5,Normal,Normal
2025-07-01 07:07:00,78.4,98.7,Normal,Normal
2025-07-01 07:08:00,80.3,95.4,Normal,Normal
2025-07-01 07:09:00,66.2,96.4,Normal,Normal
2025-07-01 07:10:00,69.1,95.3,Normal,Normal
2025-07-01 07:11:00,64.8,96.7,Normal,Normal
2025-07-01 07:12:00,73.7,96.5,Normal,Normal
2025-07-01 07:13:00,78.6,98.2,Normal,Normal
2025-07-01 07:14:00,82.5,99.0,Normal,Normal
2025-07-01 07:15:00,75.4,99.1,Normal,Normal
2025-07-01 07:16:00,83.1,96.2,Normal,Normal
2025-07-01 07:17:00,68.1,96.7,Normal,Normal
2025-07-01 07:18:00,66.5,94.5,Normal,Normal
2025-07-01 07:19:00,74.7,95.8,Normal,Normal
2025-07-01 07:20:00,76.9,98.4,Normal,Normal
2025-07-01 07:21:00,74.8,99.4,Normal,Normal
2025-07-01 07:22:00,64.7,95.1,Normal,Normal
2025-07-01 07:23:00,74.6,96.1,Normal,Normal
2025-07-01 07:24:00,68.5,97.0,Normal,Normal
2025-07-01 07:25:00,78.3,97.4,Normal,Normal
2025-07-01 07:26:00,76.8,95.8,Normal,Normal
2025-07-01 07:27:00,70.3,97.6,Normal,Normal
2025-07-01 07:28:00,72.4,96.3,Normal,Normal
2025-07-01 07:29:00,69.7,97.0,Normal,Normal
2025-07-01 07:30:00,74.7,97.8,Normal,Normal
2025-07-01 07:31:00,79.8,97.0,Normal,Normal
2025-07-01 07:32:00,70.1,96.3,Normal,Normal
2025-07-01 07:33:00,77.5,96.8,Normal,Normal
2025-07-01 07:34:00,72.3,96.9,Normal,Normal
2025-07-01 07:35:00,71.0,96.4,Normal,Normal
2025-07-01 07:36:00,74.5,96.6,Normal,Normal
2025-07-01 07:37:00,69.8,99.4,Normal,Normal
2025-07-01 07:38:00,72.2,97.8,Normal,Normal
2025-07-01 07:39:00,69.0,96.6,Normal,Normal
2025-07-01 07:40:00,84.8,98.0,Normal,Normal
2025-07-01 07:41:00,75.2,96.5,Normal,Normal
2025-07-01 07:42:00,71.5,98.8,Normal,Normal
2025-07-01 07:43:00,76.1,97.6,Normal,Normal
2025-07-01 07:44:00,74.4,96.8,Normal,Normal
2025-07-01 07:45:00,73.9,97.7,Normal,Normal
2025-07-01 07:46:00,78.1,94.6,Normal,Normal
2025-07-01 07:47:00,78.8,95.3,Normal,Normal
2025-07-01 07:48:00,72.3,95.2,Normal,Normal
2025-07-01 07:49:00,72.1,97.2,Normal,Normal
2025-07-01 07:50:00,73.6,99.6,Normal,Normal
2025-07-01 07:51:00,63.5,100.3,Normal,Normal
2025-07-01 07:52:00,67.4,98.0,Normal,Normal
2025-07-01 07:53:00,81.8,97.8,Normal,Normal
2025-07-01 07:54:00,83.2,94.3,Normal,Normal
2025-07-01 07:55:00,73.8,96.2,Normal,Normal
2025-07-01 07:56:00,77.9,95.8,Normal,Normal
2025-07-01 07:57:00,76.6,96.1,Normal,Normal
2025-07-01 07:58:00,90.4,96.7,Normal,Normal
2025-07-01 07:59:00,80.6,96.3,Normal,Normal
2025-07-01 08:00:00,74.4,94.0,Normal,Normal
2025-07-01 08:01:00,70.2,98.1,Normal,Normal
2025-07-01 08:02:00,67.0,95.4,Normal,Normal
2025-07-01 08:03:00,76.0,97.4,Normal,Normal
2025-07-01 08:04:00,71.2,100.1,Normal,Normal
2025-07-01 08:05:00,67.9,95.6,Normal,Normal
2025-07-01 08:06:00,71.8,93.2,Normal,Normal
2025-07-01 08:07:00,69.6,96.6,Normal,Normal
2025-07-01 08:08:00,83.4,98.7,Normal,Normal
2025-07-01 08:09:00,79.4,99.9,Normal,Normal
2025-07-01 08:10:00,75.0,95.2,Normal,Normal
2025-07-01 08:11:00,82.4,97.7,Normal,Normal
2025-07-01 08:12:00,75.4,96.3,Normal,Normal
2025-07-01 08:13:00,70.7,96.8,Normal,Normal
2025-07-01 08:14:00,82.6,101.0,Normal,Normal
2025-07-01 08:15:00,77.7,94.7,Normal,Normal
2025-07-01 08:16:00,69.8,97.4,Normal,Normal
2025-07-01 08:17:00,74.0,97.7,Normal,Normal
2025-07-01 08:18:00,70.6,98.6,Normal,Normal
2025-07-01 08:19:00,68.1,97.1,Normal,Normal
2025-07-01 08:20:00,79.6,97.5,Normal,Normal
2025-07-01 08:21:00,84.5,96.4,Normal,Normal
2025-07-01 08:22:00,68.0,97.4,Normal,Normal
2025-07-01 08:23:00,77.8,96.5,Normal,Normal
2025-07-01 08:24:00,71.7,97.9,Normal,Normal
2025-07-01 08:25:00,72.6,96.4,Normal,Normal
2025-07-01 08:26:00,72.0,97.6,Normal,Normal
2025-07-01 08:27:00,70.7,97.0,Normal,Normal
2025-07-01 08:28:00,75.2,98.7,Normal,Normal
2025-07-01 08:29:00,70.8,96.9,Normal,Normal
2025-07-01 08:30:00,76.4,94.3,Normal,Normal
2025-07-01 08:31:00,74.7,98.9,Normal,Normal
2025-07-01 08:32:00,73.8,95.6,Normal,Normal
2025-07-01 08:33:00,113.5,88.8,Anomaly,Anomaly
2025-07-01 08:34:00,72.1,96.1,Normal,Normal
2025-07-01 08:35:00,78.8,99.1,Normal,Normal
2025-07-01 08:36:00,77.5,93.8,Normal,Normal
2025-07-01 08:37:00,70.1,101.7,Normal,Normal
2025-07-01 08:38:00,75.5,98.6,Normal,Normal
2025-07-01 08:39:00,78.8,97.3,Normal,Normal
2025-07-01 08:40:00,66.7,96.9,Normal,Normal
2025-07-01 08:41:00,77.7,97.4,Normal,Normal
2025-07-01 08:42:00,71.7,97.8,Normal,Normal
2025-07-01 08:43:00,77.9,98.0,Normal,Normal
2025-07-01 08:44:00,71.2,97.8,Normal,Normal
2025-07-01 08:45:00,66.0,97.1,Normal,Normal
2025-07-01 08:46:00,66.9,96.7,Normal,Normal
2025-07-01 08:47:00,75.2,96.8,Normal,Normal
2025-07-01 08:48:00,76.3,96.7,Normal,Normal
2025-07-01 08:49:00,70.5,98.7,Normal,Normal
2025-07-01 08:50:00,78.2,97.9,Normal,Normal
2025-07-01 08:51:00,66.7,92.6,Normal,Anomaly
2025-07-01 08:52:00,74.7,98.0,Normal,Normal
2025-07-01 08:53:00,68.9,97.3,Normal,Normal
2025-07-01 08:54:00,71.7,97.0,Normal,Normal
2025-07-01 08:55:00,75.2,96.4,Normal,Normal
2025-07-01 08:56:00,70.7,98.7,Normal,Normal
2025-07-01 08:57:00,73.1,98.4,Normal,Normal
2025-07-01 08:58:00,80.0,95.8,Normal,Normal
2025-07-01 08:59:00,72.1,97.6,Normal,Normal
2025-07-01 09:00:00,79.2,95.5,Normal,Normal
2025-07-01 09:01:00,69.4,94.9,Normal,Normal
2025-07-01 09:02:00,77.6,96.1,Normal,Normal
2025-07-01 09:03:00,82.2,98.3,Normal,Normal
2025-07-01 09:04:00,62.6,98.4,Normal,Normal
2025-07-01 09:05:00,71.0,97.8,Normal,Normal
2025-07-01 09:06:00,77.9,98.1,Normal,Normal
2025-07-01 09:07:00,74.0,97.8,Normal,Normal
2025-07-01 09:08:00,76.9,96.0,Normal,Normal
2025-07-01 09:09:00,72.0,97.6,Normal,Normal
2025-07-01 09:10:00,75.4,98.2,Normal,Normal
2025-07-01 09:11:00,74.2,98.1,Normal,Normal
2025-07-01 09:12:00,80.8,98.8,Normal,Normal
2025-07-01 09:13:00,76.3,98.1,Normal,Normal
2025-07-01 09:14:00,76.7,97.5,Normal,Normal
2025-07-01 09:15:00,72.9,98.6,Normal,Normal
2025-07-01 09:16:00,39.6,97.0,Anomaly,Anomaly
2025-07-01 09:17:00,72.8,95.7,Normal,Normal
2025-07-01 09:18:00,77.0,96.8,Normal,Normal
2025-07-01 09:19:00,72.9,95.9,Normal,Normal
2025-07-01 09:20:00,56.4,96.0,Anomaly,Normal
2025-07-01 09:21:00,85.4,96.8,Normal,Normal
2025-07-01 09:22:00,79.4,95.8,Normal,Normal
2025-07-01 09:23:00,131.4,87.8,Anomaly,Anomaly
2025-07-01 09:24:00,81.0,94.2,Normal,Normal
2025-07-01 09:25:00,73.0,97.3,Normal,Normal
2025-07-01 09:26:00,64.8,97.0,Normal,Normal
2025-07-01 09:27:00,70.0,95.8,Normal,Normal
2025-07-01 09:28:00,65.6,98.0,Normal,Normal
2025-07-01 09:29:00,73.2,98.4,Normal,Normal
2025-07-01 09:30:00,75.1,94.6,Normal,Normal
2025-07-01 09:31:00,83.4,95.9,Normal,Normal
2025-07-01 09:32:00,76.6,95.8,Normal,Normal
2025-07-01 09:33:00,73.9,95.6,Normal,Normal
2025-07-01 09:34:00,79.1,98.2,Normal,Normal
2025-07-01 09:35:00,63.9,96.7,Normal,Normal
2025-07-01 09:36:00,76.2,96.6,Normal,Normal
2025-07-01 09:37:00,78.9,94.0,Normal,Normal
2025-07-01 09:38:00,67.6,98.0,Normal,Normal
2025-07-01 09:39:00,80.7,95.1,Normal,Normal
2025-07-01 09:40:00,76.7,97.1,Normal,Normal
2025-07-01 09:41:00,72.9,97.4,Normal,Normal
2025-07-01 09:42:00,78.2,99.0,Normal,Normal
2025-07-01 09:43:00,86.4,95.0,Normal,Normal
2025-07-01 09:44:00,75.9,92.5,Normal,Normal
2025-07-01 09:45:00,76.2,97.3,Normal,Normal
2025-07-01 09:46:00,72.7,99.7,Normal,Normal
2025-07-01 09:47:00,70.8,98.9,Normal,Normal
2025-07-01 09:48:00,79.2,97.3,Normal,Normal
2025-07-01 09:49:00,70.7,96.3,Normal,Normal
2025-07-01 09:50:00,75.4,98.2,Normal,Normal
2025-07-01 09:51:00,72.6,95.5,Normal,Normal
2025-07-01 09:52:00,77.4,97.7,Normal,Normal
2025-07-01 09:53:00,44.7,97.8,Anomaly,Anomaly
2025-07-01 09:54:00,80.2,98.6,Normal,Normal
2025-07-01 09:55:00,72.4,101.1,Normal,Normal
2025-07-01 09:56:00,73.7,97.6,Normal,Normal
2025-07-01 09:57:00,70.1,96.2,Normal,Normal
2025-07-01 09:58:00,72.8,97.0,Normal,Normal
2025-07-01 09:59:00,76.9,94.3,Normal,Normal
2025-07-01 10:00:00,78.8,96.0,Normal,Normal
2025-07-01 10:01:00,70.4,96.4,Normal,Normal
2025-07-01 10:02:00,79.3,96.2,Normal,Normal
2025-07-01 10:03:00,81.8,97.2,Normal,Normal
2025-07-01 10:04:00,77.1,95.8,Normal,Normal
2025-07-01 10:05:00,84.4,98.7,Normal,Normal
2025-07-01 10:06:00,71.1,97.0,Normal,Normal
2025-07-01 10:07:00,68.8,97.0,Normal,Normal
2025-07-01 10:08:00,66.1,96.5,Normal,Normal
2025-07-01 10:09:00,82.5,97.2,Normal,Normal
2025-07-01 10:10:00,78.3,98.2,Normal,Normal
2025-07-01 10:11:00,74.7,95.7,Normal,Normal
2025-07-01 10:12:00,76.4,96.0,Normal,Normal
2025-07-01 10:13:00,69.4,96.5,Normal,Normal
2025-07-01 10:14:00,87.2,95.0,Normal,Normal
2025-07-01 10:15:00,75.6,95.8,Normal,Normal
2025-07-01 10:16:00,75.5,96.3,Normal,Normal
2025-07-01 10:17:00,78.6,98.3,Normal,Normal
2025-07-01 10:18:00,77.4,97.4,Normal,Normal
2025-07-01 10:19:00,76.1,97.3,Normal,Normal
2025-07-01 10:20:00,71.0,98.3,Normal,Normal
2025-07-01 10:21:00,77.4,96.8,Normal,Normal
2025-07-01 10:22:00,84.4,97.6,Normal,Normal
2025-07-01 10:23:00,81.7,96.8,Normal,Normal
2025-07-01 10:24:00,83.0,97.4,Normal,Normal
2025-07-01 10:25:00,72.4,96.1,Normal,Normal
2025-07-01 10:26:00,70.1,93.3,Normal,Normal
2025-07-01 10:27:00,74.4,96.8,Normal,Normal
2025-07-01 10:28:00,75.3,99.1,Normal,Normal
2025-07-01 10:29:00,80.5,98.4,Normal,Normal
2025-07-01 10:30:00,66.5,98.4,Normal,Normal
2025-07-01 10:31:00,82.6,98.9,Normal,Normal
2025-07-01 10:32:00,74.2,97.1,Normal,Normal
2025-07-01 10:33:00,72.9,97.3,Normal,Normal
2025-07-01 10:34:00,69.9,96.1,Normal,Normal
2025-07-01 10:35:00,66.7,96.5,Normal,Normal
2025-07-01 10:36:00,79.1,97.9,Normal,Normal
2025-07-01 10:37:00,75.4,98.8,Normal,Normal
2025-07-01 10:38:00,68.6,96.8,Normal,Normal
2025-07-01 10:39:00,68.5,96.3,Normal,Normal
2025-07-01 10:40:00,73.3,97.0,Normal,Normal
2025-07-01 10:41:00,83.3,97.9,Normal,Normal
2025-07-01 10:42:00,73.7,94.8,Normal,Normal
2025-07-01 10:43:00,67.5,93.6,Normal,Normal
2025-07-01 10:44:00,73.8,96.2,Normal,Normal
2025-07-01 10:45:00,73.6,95.2,Normal,Normal
2025-07-01 10:46:00,61.5,96.2,Normal,Normal
2025-07-01 10:47:00,74.7,96.8,Normal,Normal
2025-07-01 10:48:00,73.8,96.3,Normal,Normal
2025-07-01 10:49:00,78.5,99.2,Normal,Normal
2025-07-01 10:50:00,136.2,89.9,Anomaly,Anomaly
2025-07-01 10:51:00,80.6,97.5,Normal,Normal
2025-07-01 10:52:00,73.7,97.9,Normal,Normal
2025-07-01 10:53:00,69.5,95.3,Normal,Normal
2025-07-01 10:54:00,87.9,98.6,Normal,Normal
2025-07-01 10:55:00,75.3,96.9,Normal,Normal
2025-07-01 10:56:00,75.1,98.0,Normal,Normal
2025-07-01 10:57:00,74.9,95.4,Normal,Normal
2025-07-01 10:58:00,76.0,94.7,Normal,Normal
2025-07-01 10:59:00,74.3,98.2,Normal,Normal
2025-07-01 11:00:00,72.1,97.6,Normal,Normal
2025-07-01 11:01:00,72.3,95.6,Normal,Normal
2025-07-01 11:02:00,74.8,95.7,Normal,Normal
2025-07-01 11:03:00,72.3,98.7,Normal,Normal
2025-07-01 11:04:00,71.4,95.2,Normal,Normal
2025-07-01 11:05:00,75.5,99.5,Normal,Normal
2025-07-01 11:06:00,73.7,95.6,Normal,Normal
2025-07-01 11:07:00,82.5,98.0,Normal,Normal
2025-07-01 11:08:00,61.7,96.5,Normal,Normal
2025-07-01 11:09:00,80.5,97.9,Normal,Normal
2025-07-01 11:10:00,81.2,96.2,Normal,Normal
2025-07-01 11:11:00,64.6,96.8,Normal,Normal
2025-07-01 11:12:00,73.3,97.1,Normal,Normal
2025-07-01 11:13:00,73.1,95.5,Normal,Normal
2025-07-01 11:14:00,68.0,98.1,Normal,Normal
2025-07-01 11:15:00,71.1,96.2,Normal,Normal
2025-07-01 11:16:00,69.4,96.7,Normal,Normal
2025-07-01 11:17:00,83.8,95.5,Normal,Normal
2025-07-01 11:18:00,79.7,93.2,Normal,Normal
2025-07-01 11:19:00,81.4,96.7,Normal,Normal
2025-07-01 11:20:00,78.6,100.6,Normal,Normal
2025-07-01 11:21:00,69.4,98.2,Normal,Normal
2025-07-01 11:22:00,72.4,97.0,Normal,Normal
2025-07-01 11:23:00,77.4,96.6,Normal,Normal
2025-07-01 11:24:00,68.9,97.0,Normal,Normal
2025-07-01 11:25:00,113.6,87.8,Anomaly,Anomaly
2025-07-01 11:26:00,73.8,95.2,Normal,Normal
2025-07-01 11:27:00,73.1,98.7,Normal,Normal
2025-07-01 11:28:00,78.6,98.1,Normal,Normal
2025-07-01 11:29:00,77.2,98.1,Normal,Normal
2025-07-01 11:30:00,73.2,97.7,Normal,Normal
2025-07-01 11:31:00,80.8,97.0,Normal,Normal
2025-07-01 11:32:00,69.6,98.0,Normal,Normal
2025-07-01 11:33:00,78.1,97.9,Normal,Normal
2025-07-01 11:34:00,78.0,96.5,Normal,Normal
2025-07-01 11:35:00,73.5,96.1,Normal,Normal
2025-07-01 11:36:00,76.6,97.2,Normal,Normal
2025-07-01 11:37:00,68.7,99.3,Normal,Normal
2025-07-01 11:38:00,79.6,95.1,Normal,Normal
2025-07-01 11:39:00,74.1,94.8,Normal,Normal
2025-07-01 11:40:00,72.4,97.2,Normal,Normal
2025-07-01 11:41:00,80.2,97.1,Normal,Normal
2025-07-01 11:42:00,71.5,97.3,Normal,Normal
2025-07-01 11:43:00,68.0,97.4,Normal,Normal
2025-07-01 11:44:00,67.2,96.7,Normal,Normal
2025-07-01 11:45:00,78.0,99.2,Normal,Normal
2025-07-01 11:46:00,68.6,94.6,Normal,Normal
2025-07-01 11:47:00,83.8,95.8,Normal,Normal
2025-07-01 11:48:00,64.6,96.8,Normal,Normal
2025-07-01 11:49:00,83.5,94.5,Normal,Normal
2025-07-01 11:50:00,76.1,96.7,Normal,Normal
2025-07-01 11:51:00,74.5,99.5,Normal,Normal
2025-07-01 11:52:00,44.3,97.0,Anomaly,Anomaly
2025-07-01 11:53:00,77.0,97.3,Normal,Normal
2025-07-01 11:54:00,74.8,95.1,Normal,Normal
2025-07-01 11:55:00,80.5,96.1,Normal,Normal
2025-07-01 11:56:00,75.6,96.4,Normal,Normal
2025-07-01 11:57:00,75.8,96.5,Normal,Normal
2025-07-01 11:58:00,73.2,98.9,Normal,Normal
2025-07-01 11:59:00,74.7,97.8,Normal,Normal
2025-07-01 12:00:00,76.5,95.3,Normal,Normal
2025-07-01 12:01:00,66.4,97.4,Normal,Normal
2025-07-01 12:02:00,68.3,97.7,Normal,Normal
2025-07-01 12:03:00,78.7,98.7,Normal,Normal
2025-07-01 12:04:00,75.9,99.4,Normal,Normal
2025-07-01 12:05:00,74.1,95.5,Normal,Normal
2025-07-01 12:06:00,75.1,95.8,Normal,Normal
2025-07-01 12:07:00,76.7,95.1,Normal,Normal
2025-07-01 12:08:00,72.3,96.6,Normal,Normal
2025-07-01 12:09:00,71.1,97.7,Normal,Normal
2025-07-01 12:10:00,76.0,98.5,Normal,Normal
2025-07-01 12:11:00,70.1,96.9,Normal,Normal
2025-07-01 12:12:00,77.0,96.5,Normal,Normal
2025-07-01 12:13:00,66.5,97.2,Normal,Normal
2025-07-01 12:14:00,80.1,95.7,Normal,Normal
2025-07-01 12:15:00,77.4,100.1,Normal,Normal
2025-07-01 12:16:00,76.3,94.6,Normal,Normal
2025-07-01 12:17:00,79.9,97.3,Normal,Normal
2025-07-01 12:18:00,83.3,100.0,Normal,Normal
2025-07-01 12:19:00,80.1,97.0,Normal,Normal
2025-07-01 12:20:00,65.8,96.7,Normal,Normal
2025-07-01 12:21:00,68.6,96.5,Normal,Normal
2025-07-01 12:22:00,71.9,96.7,Normal,Normal
2025-07-01 12:23:00,75.1,99.1,Normal,Normal
2025-07-01 12:24:00,77.6,93.7,Normal,Normal
2025-07-01 12:25:00,71.4,99.3,Normal,Normal
2025-07-01 12:26:00,75.9,94.9,Normal,Normal
2025-07-01 12:27:00,71.2,96.6,Normal,Normal
2025-07-01 12:28:00,71.9,96.4,Normal,Normal
2025-07-01 12:29:00,68.0,97.9,Normal,Normal
2025-07-01 12:30:00,70.4,94.6,Normal,Normal
2025-07-01 12:31:00,68.2,97.7,Normal,Normal
2025-07-01 12:32:00,70.1,100.0,Normal,Normal
2025-07-01 12:33:00,80.3,95.0,Normal,Normal
2025-07-01 12:34:00,70.3,97.3,Normal,Normal
2025-07-01 12:35:00,88.2,96.0,Normal,Normal
2025-07-01 12:36:00,77.5,97.6,Normal,Normal
2025-07-01 12:37:00,75.9,97.0,Normal,Normal
2025-07-01 12:38:00,70.7,96.0,Normal,Normal
2025-07-01 12:39:00,78.5,97.7,Normal,Normal
2025-07-01 12:40:00,72.1,99.7,Normal,Normal
2025-07-01 12:41:00,75.6,96.7,Normal,Normal
2025-07-01 12:42:00,87.8,98.1,Normal,Normal
2025-07-01 12:43:00,74.5,95.1,Normal,Normal
2025-07-01 12:44:00,80.7,95.6,Normal,Normal
2025-07-01 12:45:00,71.5,97.7,Normal,Normal
2025-07-01 12:46:00,74.8,99.2,Normal,Normal
2025-07-01 12:47:00,83.9,97.5,Normal,Normal
2025-07-01 12:48:00,71.9,96.5,Normal,Normal
2025-07-01 12:49:00,84.1,97.0,Normal,Normal
2025-07-01 12:50:00,78.5,95.1,Normal,Normal
2025-07-01 12:51:00,72.2,97.9,Normal,Normal
2025-07-01 12:52:00,78.2,98.3,Normal,Normal
2025-07-01 12:53:00,79.9,96.3,Normal,Normal
2025-07-01 12:54:00,78.1,96.3,Normal,Normal
2025-07-01 12:55:00,67.1,97.4,Normal,Normal
2025-07-01 12:56:00,71.4,96.3,Normal,Normal
2025-07-01 12:57:00,73.8,96.9,Normal,Normal
2025-07-01 12:58:00,74.6,100.1,Normal,Normal
2025-07-01 12:59:00,78.1,96.6,Normal,Normal
2025-07-01 13:00:00,75.9,96.5,Normal,Normal
2025-07-01 13:01:00,68.3,96.0,Normal,Normal
2025-07-01 13:02:00,76.9,98.1,Normal,Normal
2025-07-01 13:03:00,78.1,96.7,Normal,Normal
2025-07-01 13:04:00,77.8,96.0,Normal,Normal
2025-07-01 13:05:00,80.4,99.0,Normal,Normal
2025-07-01 13:06:00,79.2,99.1,Normal,Normal
2025-07-01 13:07:00,77.3,96.1,Normal,Normal
2025-07-01 13:08:00,74.6,94.2,Normal,Normal
2025-07-01 13:09:00,66.7,98.5,Normal,Normal
2025-07-01 13:10:00,77.1,96.0,Normal,Normal
2025-07-01 13:11:00,76.0,98.2,Normal,Normal
2025-07-01 13:12:00,76.4,94.0,Normal,Normal
2025-07-01 13:13:00,68.6,98.3,Normal,Normal
2025-07-01 13:14:00,69.6,95.2,Normal,Normal
2025-07-01 13:15:00,80.3,98.1,Normal,Normal
2025-07-01 13:16:00,74.8,97.0,Normal,Normal
2025-07-01 13:17:00,78.4,95.6,Normal,Normal
2025-07-01 13:18:00,75.1,96.4,Normal,Normal
2025-07-01 13:19:00,75.1,98.0,Normal,Normal
2025-07-01 13:20:00,79.7,97.2,Normal,Normal
2025-07-01 13:21:00,72.4,97.9,Normal,Normal
2025-07-01 13:22:00,75.5,100.0,Normal,Normal
2025-07-01 13:23:00,72.7,94.7,Normal,Normal
2025-07-01 13:24:00,128.8,92.7,Anomaly,Anomaly
2025-07-01 13:25:00,73.5,97.2,Normal,Normal
2025-07-01 13:26:00,76.1,95.7,Normal,Normal
2025-07-01 13:27:00,72.6,95.0,Normal,Normal
2025-07-01 13:28:00,81.3,96.7,Normal,Normal
2025-07-01 13:29:00,70.5,98.4,Normal,Normal
2025-07-01 13:30:00,74.1,96.8,Normal,Normal
2025-07-01 13:31:00,72.8,99.3,Normal,Normal
2025-07-01 13:32:00,82.2,94.8,Normal,Normal
2025-07-01 13:33:00,76.0,97.0,Normal,Normal
2025-07-01 13:34:00,80.2,95.1,Normal,Normal
2025-07-01 13:35:00,67.6,97.5,Normal,Normal
2025-07-01 13:36:00,76.3,98.3,Normal,Normal
2025-07-01 13:37:00,79.4,96.4,Normal,Normal
2025-07-01 13:38:00,75.4,93.1,Normal,Normal
2025-07-01 13:39:00,80.3,97.3,Normal,Normal
2025-07-01 13:40:00,72.4,97.7,Normal,Normal
2025-07-01 13:41:00,82.0,97.6,Normal,Normal
2025-07-01 13:42:00,86.5,98.9,Normal,Normal
2025-07-01 13:43:00,109.2,89.1,Anomaly,Anomaly
2025-07-01 13:44:00,72.8,98.0,Normal,Normal
2025-07-01 13:45:00,82.3,98.8,Normal,Normal
2025-07-01 13:46:00,82.9,94.3,Normal,Normal
2025-07-01 13:47:00,72.4,97.5,Normal,Normal
2025-07-01 13:48:00,72.9,96.2,Normal,Normal
2025-07-01 13:49:00,73.6,96.9,Normal,Normal
2025-07-01 13:50:00,68.3,97.5,Normal,Normal
2025-07-01 13:51:00,70.4,96.3,Normal,Normal
2025-07-01 13:52:00,70.0,96.0,Normal,Normal
2025-07-01 13:53:00,71.2,97.1,Normal,Normal
2025-07-01 13:54:00,74.8,95.4,Normal,Normal
2025-07-01 13:55:00,76.2,95.4,Normal,Normal
2025-07-01 13:56:00,82.8,98.0,Normal,Normal
2025-07-01 13:57:00,70.0,95.3,Normal,Normal
2025-07-01 13:58:00,56.9,98.0,Anomaly,Normal
2025-07-01 13:59:00,73.9,97.7,Normal,Normal
2025-07-01 14:00:00,74.8,94.4,Normal,Normal
2025-07-01 14:01:00,78.4,96.0,Normal,Normal
2025-07-01 14:02:00,69.4,98.8,Normal,Normal
2025-07-01 14:03:00,76.9,95.5,Normal,Normal
2025-07-01 14:04:00,75.8,96.3,Normal,Normal
2025-07-01 14:05:00,77.5,97.7,Normal,Normal
2025-07-01 14:06:00,76.4,98.2,Normal,Normal
2025-07-01 14:07:00,87.3,96.6,Normal,Normal
2025-07-01 14:08:00,71.8,96.1,Normal,Normal
2025-07-01 14:09:00,72.3,99.1,Normal,Normal
2025-07-01 14:10:00,71.9,99.6,Normal,Normal
2025-07-01 14:11:00,72.2,98.5,Normal,Normal
2025-07-01 14:12:00,71.8,97.1,Normal,Normal
2025-07-01 14:13:00,80.9,95.8,Normal,Normal
2025-07-01 14:14:00,82.1,95.8,Normal,Normal
2025-07-01 14:15:00,72.1,97.8,Normal,Normal
2025-07-01 14:16:00,70.8,97.6,Normal,Normal
2025-07-01 14:17:00,77.4,99.1,Normal,Normal
2025-07-01 14:18:00,72.2,98.0,Normal,Normal
2025-07-01 14:19:00,78.2,94.7,Normal,Normal
2025-07-01 14:20:00,76.0,98.6,Normal,Normal
2025-07-01 14:21:00,67.4,95.5,Normal,Normal
2025-07-01 14:22:00,82.7,96.4,Normal,Normal
2025-07-01 14:23:00,84.0,97.4,Normal,Normal
2025-07-01 14:24:00,71.9,100.0,Normal,Normal
2025-07-01 14:25:00,73.1,101.7,Normal,Normal
2025-07-01 14:26:00,76.4,97.9,Normal,Normal
2025-07-01 14:27:00,76.7,96.7,Normal,Normal
2025-07-01 14:28:00,78.3,97.8,Normal,Normal
2025-07-01 14:29:00,85.1,98.3,Normal,Normal
2025-07-01 14:30:00,74.1,96.5,Normal,Normal
2025-07-01 14:31:00,71.0,99.7,Normal,Normal
2025-07-01 14:32:00,68.1,97.3,Normal,Normal
2025-07-01 14:33:00,71.3,97.7,Normal,Normal
2025-07-01 14:34:00,74.8,98.0,Normal,Normal
2025-07-01 14:35:00,84.0,97.6,Normal,Normal
2025-07-01 14:36:00,72.4,98.3,Normal,Normal
2025-07-01 14:37:00,76.1,96.1,Normal,Normal
2025-07-01 14:38:00,74.9,96.2,Normal,Normal
2025-07-01 14:39:00,80.9,95.3,Normal,Normal
2025-07-01 14:40:00,87.6,97.7,Normal,Normal
2025-07-01 14:41:00,72.3,98.2,Normal,Normal
2025-07-01 14:42:00,72.6,97.7,Normal,Normal
2025-07-01 14:43:00,80.2,99.5,Normal,Normal
2025-07-01 14:44:00,78.4,97.0,Normal,Normal
2025-07-01 14:45:00,84.2,98.0,Normal,Normal
2025-07-01 14:46:00,77.9,95.4,Normal,Normal
2025-07-01 14:47:00,73.2,96.4,Normal,Normal
2025-07-01 14:48:00,78.0,98.0,Normal,Normal
2025-07-01 14:49:00,80.5,98.3,Normal,Normal
2025-07-01 14:50:00,79.1,96.6,Normal,Normal
2025-07-01 14:51:00,77.5,96.9,Normal,Normal
2025-07-01 14:52:00,80.3,94.7,Normal,Normal
2025-07-01 14:53:00,80.8,96.5,Normal,Normal
2025-07-01 14:54:00,81.9,98.3,Normal,Normal
2025-07-01 14:55:00,78.2,97.9,Normal,Normal
2025-07-01 14:56:00,74.2,97.8,Normal,Normal
2025-07-01 14:57:00,75.7,97.1,Normal,Normal
2025-07-01 14:58:00,81.0,97.0,Normal,Normal
2025-07-01 14:59:00,70.9,96.0,Normal,Normal
2025-07-01 15:00:00,76.8,98.0,Normal,Normal
2025-07-01 15:01:00,73.0,97.6,Normal,Normal
2025-07-01 15:02:00,75.1,97.7,Normal,Normal
2025-07-01 15:03:00,81.4,96.2,Normal,Normal
2025-07-01 15:04:00,76.0,93.8,Normal,Normal
2025-07-01 15:05:00,126.2,91.4,Anomaly,Anomaly
2025-07-01 15:06:00,68.2,96.3,Normal,Normal
2025-07-01 15:07:00,78.7,95.7,Normal,Normal
2025-07-01 15:08:00,78.2,98.0,Normal,Normal
2025-07-01 15:09:00,85.8,96.4,Normal,Normal
2025-07-01 15:10:00,73.5,98.6,Normal,Normal
2025-07-01 15:11:00,76.1,97.9,Normal,Normal
2025-07-01 15:12:00,76.2,98.0,Normal,Normal
2025-07-01 15:13:00,82.9,95.0,Normal,Normal
2025-07-01 15:14:00,74.5,98.8,Normal,Normal
2025-07-01 15:15:00,76.4,97.4,Normal,Normal
2025-07-01 15:16:00,78.0,96.4,Normal,Normal
2025-07-01 15:17:00,75.9,97.2,Normal,Normal
2025-07-01 15:18:00,72.8,94.3,Normal,Normal
2025-07-01 15:19:00,76.0,97.6,Normal,Normal
2025-07-01 15:20:00,80.4,95.5,Normal,Normal
2025-07-01 15:21:00,69.9,95.0,Normal,Normal
2025-07-01 15:22:00,75.7,94.7,Normal,Normal
2025-07-01 15:23:00,71.5,98.7,Normal,Normal
2025-07-01 15:24:00,81.0,96.1,Normal,Normal
2025-07-01 15:25:00,67.4,99.3,Normal,Normal
2025-07-01 15:26:00,72.2,96.2,Normal,Normal
2025-07-01 15:27:00,76.9,94.4,Normal,Normal
2025-07-01 15:28:00,82.8,95.3,Normal,Normal
2025-07-01 15:29:00,74.7,98.9,Normal,Normal
2025-07-01 15:30:00,72.2,96.8,Normal,Normal
2025-07-01 15:31:00,84.4,96.2,Normal,Normal
2025-07-01 15:32:00,45.8,97.2,Anomaly,Anomaly
2025-07-01 15:33:00,64.0,97.8,Normal,Normal
2025-07-01 15:34:00,77.2,98.7,Normal,Normal
2025-07-01 15:35:00,72.5,99.2,Normal,Normal
2025-07-01 15:36:00,69.9,96.5,Normal,Normal
2025-07-01 15:37:00,78.5,95.0,Normal,Normal
2025-07-01 15:38:00,76.2,96.4,Normal,Normal
2025-07-01 15:39:00,72.2,97.4,Normal,Normal
2025-07-01 15:40:00,68.6,95.6,Normal,Normal
2025-07-01 15:41:00,79.4,95.6,Normal,Normal
2025-07-01 15:42:00,78.3,97.5,Normal,Normal
2025-07-01 15:43:00,74.5,96.9,Normal,Normal
2025-07-01 15:44:00,84.2,97.0,Normal,Normal
2025-07-01 15:45:00,69.6,95.9,Normal,Normal
2025-07-01 15:46:00,67.4,96.7,Normal,Normal
2025-07-01 15:47:00,71.5,95.6,Normal,Normal
2025-07-01 15:48:00,74.8,98.3,Normal,Normal
2025-07-01 15:49:00,76.2,98.6,Normal,Normal
2025-07-01 15:50:00,127.8,86.3,Anomaly,Anomaly
2025-07-01 15:51:00,76.8,95.6,Normal,Normal
2025-07-01 15:52:00,68.7,94.8,Normal,Normal
2025-07-01 15:53:00,82.2,96.0,Normal,Normal
2025-07-01 15:54:00,74.6,96.9,Normal,Normal
2025-07-01 15:55:00,80.6,94.8,Normal,Normal
2025-07-01 15:56:00,76.7,95.6,Normal,Normal
2025-07-01 15:57:00,50.3,95.5,Anomaly,Anomaly
2025-07-01 15:58:00,77.8,97.3,Normal,Normal
2025-07-01 15:59:00,77.2,97.1,Normal,Normal
2025-07-01 16:00:00,78.2,95.9,Normal,Normal
2025-07-01 16:01:00,81.6,97.3,Normal,Normal
2025-07-01 16:02:00,76.0,96.2,Normal,Normal
2025-07-01 16:03:00,78.5,96.6,Normal,Normal
2025-07-01 16:04:00,74.6,99.5,Normal,Normal
2025-07-01 16:05:00,82.2,99.0,Normal,Normal
2025-07-01 16:06:00,71.6,95.1,Normal,Normal
2025-07-01 16:07:00,84.0,98.2,Normal,Normal
2025-07-01 16:08:00,74.8,98.2,Normal,Normal
2025-07-01 16:09:00,67.8,95.3,Normal,Normal
2025-07-01 16:10:00,75.6,98.2,Normal,Normal
2025-07-01 16:11:00,71.6,99.3,Normal,Normal
2025-07-01 16:12:00,79.2,95.3,Normal,Normal
2025-07-01 16:13:00,71.7,95.6,Normal,Normal
2025-07-01 16:14:00,72.8,98.5,Normal,Normal
2025-07-01 16:15:00,65.6,97.4,Normal,Normal
2025-07-01 16:16:00,72.7,97.8,Normal,Normal
2025-07-01 16:17:00,62.9,97.5,Normal,Normal
2025-07-01 16:18:00,67.1,97.6,Normal,Normal
2025-07-01 16:19:00,78.8,95.0,Normal,Normal
2025-07-01 16:20:00,78.9,98.6,Normal,Normal
2025-07-01 16:21:00,77.1,98.8,Normal,Normal
2025-07-01 16:22:00,70.2,96.7,Normal,Normal
2025-07-01 16:23:00,74.8,96.9,Normal,Normal
2025-07-01 16:24:00,75.0,94.7,Normal,Normal
2025-07-01 16:25:00,69.2,97.8,Normal,Normal
2025-07-01 16:26:00,82.5,97.9,Normal,Normal
2025-07-01 16:27:00,79.4,96.9,Normal,Normal
2025-07-01 16:28:00,73.9,98.7,Normal,Normal
2025-07-01 16:29:00,75.1,96.5,Normal,Normal
2025-07-01 16:30:00,76.0,97.8,Normal,Normal
2025-07-01 16:31:00,64.8,95.5,Normal,Normal
2025-07-01 16:32:00,73.8,97.0,Normal,Normal
2025-07-01 16:33:00,71.6,96.7,Normal,Normal
2025-07-01 16:34:00,70.0,97.3,Normal,Normal
2025-07-01 16:35:00,73.6,96.4,Normal,Normal
2025-07-01 16:36:00,84.0,96.8,Normal,Normal
2025-07-01 16:37:00,78.2,98.2,Normal,Normal
2025-07-01 16:38:00,72.1,96.3,Normal,Normal
2025-07-01 16:39:00,77.9,94.6,Normal,Normal
2025-07-01 16:40:00,82.0,99.6,Normal,Normal
2025-07-01 16:41:00,79.6,99.1,Normal,Normal
2025-07-01 16:42:00,75.3,95.1,Normal,Normal
2025-07-01 16:43:00,71.8,98.0,Normal,Normal
2025-07-01 16:44:00,78.5,96.2,Normal,Normal
2025-07-01 16:45:00,77.0,97.4,Normal,Normal
2025-07-01 16:46:00,79.5,97.4,Normal,Normal
2025-07-01 16:47:00,78.2,96.6,Normal,Normal
2025-07-01 16:48:00,80.2,95.8,Normal,Normal
2025-07-01 16:49:00,72.3,96.0,Normal,Normal
2025-07-01 16:50:00,81.6,95.6,Normal,Normal
2025-07-01 16:51:00,76.0,95.8,Normal,Normal
2025-07-01 16:52:00,85.4,96.9,Normal,Normal
2025-07-01 16:53:00,71.6,95.9,Normal,Normal
2025-07-01 16:54:00,83.7,98.0,Normal,Normal
2025-07-01 16:55:00,76.0,99.2,Normal,Normal
2025-07-01 16:56:00,71.7,96.1,Normal,Normal
2025-07-01 16:57:00,72.6,97.4,Normal,Normal
2025-07-01 16:58:00,73.4,97.7,Normal,Normal
2025-07-01 16:59:00,77.1,97.7,Normal,Normal
2025-07-01 17:00:00,77.6,97.1,Normal,Normal
2025-07-01 17:01:00,72.1,98.1,Normal,Normal
2025-07-01 17:02:00,74.9,97.7,Normal,Normal
2025-07-01 17:03:00,85.7,95.1,Normal,Normal
2025-07-01 17:04:00,83.6,98.3,Normal,Normal
2025-07-01 17:05:00,77.2,98.3,Normal,Normal
2025-07-01 17:06:00,75.2,95.9,Normal,Normal
2025-07-01 17:07:00,75.6,97.1,Normal,Normal
2025-07-01 17:08:00,78.1,98.0,Normal,Normal
2025-07-01 17:09:00,69.9,96.7,Normal,Normal
2025-07-01 17:10:00,73.7,98.6,Normal,Normal
2025-07-01 17:11:00,66.7,100.5,Normal,Normal
2025-07-01 17:12:00,77.0,95.8,Normal,Normal
2025-07-01 17:13:00,78.2,94.9,Normal,Normal
2025-07-01 17:14:00,72.6,97.5,Normal,Normal
2025-07-01 17:15:00,82.9,98.1,Normal,Normal
2025-07-01 17:16:00,68.9,96.7,Normal,Normal
2025-07-01 17:17:00,67.7,99.2,Normal,Normal
2025-07-01 17:18:00,76.1,95.0,Normal,Normal
2025-07-01 17:19:00,80.2,98.0,Normal,Normal
2025-07-01 17:20:00,83.4,96.1,Normal,Normal
2025-07-01 17:21:00,72.7,99.6,Normal,Normal
2025-07-01 17:22:00,80.4,100.0,Normal,Normal
2025-07-01 17:23:00,74.8,95.9,Normal,Normal
2025-07-01 17:24:00,74.1,96.2,Normal,Normal
2025-07-01 17:25:00,79.4,98.3,Normal,Normal
2025-07-01 17:26:00,78.3,96.4,Normal,Normal
2025-07-01 17:27:00,67.1,96.9,Normal,Normal
2025-07-01 17:28:00,82.4,97.0,Normal,Normal
2025-07-01 17:29:00,81.9,94.1,Normal,Normal
2025-07-01 17:30:00,71.9,97.0,Normal,Normal
2025-07-01 17:31:00,77.0,96.0,Normal,Normal
2025-07-01 17:32:00,77.5,96.3,Normal,Normal
2025-07-01 17:33:00,76.3,99.2,Normal,Normal
2025-07-01 17:34:00,72.2,95.1,Normal,Normal
2025-07-01 17:35:00,71.6,98.2,Normal,Normal
2025-07-01 17:36:00,74.9,96.6,Normal,Normal
2025-07-01 17:37:00,80.9,96.6,Normal,Normal
2025-07-01 17:38:00,77.7,98.2,Normal,Normal
2025-07-01 17:39:00,73.1,97.5,Normal,Normal
2025-07-01 17:40:00,78.9,97.9,Normal,Normal
2025-07-01 17:41:00,60.8,98.5,Normal,Normal
2025-07-01 17:42:00,80.7,96.5,Normal,Normal
2025-07-01 17:43:00,66.3,96.1,Normal,Normal
2025-07-01 17:44:00,73.2,95.4,Normal,Normal
2025-07-01 17:45:00,69.4,95.8,Normal,Normal
2025-07-01 17:46:00,68.5,101.4,Normal,Normal
2025-07-01 17:47:00,80.8,98.9,Normal,Normal
2025-07-01 17:48:00,72.7,95.0,Normal,Normal
2025-07-01 17:49:00,76.7,95.0,Normal,Normal
2025-07-01 17:50:00,74.8,97.7,Normal,Normal
2025-07-01 17:51:00,77.4,97.8,Normal,Normal
2025-07-01 17:52:00,75.4,97.8,Normal,Normal
2025-07-01 17:53:00,68.6,96.6,Normal,Normal
2025-07-01 17:54:00,80.0,96.8,Normal,Normal
2025-07-01 17:55:00,72.5,97.5,Normal,Normal
2025-07-01 17:56:00,67.2,97.1,Normal,Normal
2025-07-01 17:57:00,72.9,93.7,Normal,Normal
2025-07-01 17:58:00,82.5,96.7,Normal,Normal
2025-07-01 17:59:00,79.3,95.7,Normal,Normal
2025-07-01 18:00:00,73.3,97.3,Normal,Normal
2025-07-01 18:01:00,73.3,101.5,Normal,Normal
2025-07-01 18:02:00,73.4,97.6,Normal,Normal
2025-07-01 18:03:00,85.4,96.5,Normal,Normal
2025-07-01 18:04:00,76.9,98.4,Normal,Normal
2025-07-01 18:05:00,77.2,97.7,Normal,Normal
2025-07-01 18:06:00,80.2,97.6,Normal,Normal
2025-07-01 18:07:00,76.2,97.9,Normal,Normal
2025-07-01 18:08:00,73.7,100.1,Normal,Normal
2025-07-01 18:09:00,74.0,95.3,Normal,Normal
2025-07-01 18:10:00,74.6,97.7,Normal,Normal
2025-07-01 18:11:00,74.8,95.6,Normal,Normal
2025-07-01 18:12:00,78.6,97.8,Normal,Normal
2025-07-01 18:13:00,75.3,95.6,Normal,Normal
2025-07-01 18:14:00,78.7,96.4,Normal,Normal
2025-07-01 18:15:00,74.6,96.6,Normal,Normal
2025-07-01 18:16:00,75.4,98.5,Normal,Normal
2025-07-01 18:17:00,65.0,98.4,Normal,Normal
2025-07-01 18:18:00,79.6,95.1,Normal,Normal
2025-07-01 18:19:00,76.7,97.1,Normal,Normal
2025-07-01 18:20:00,80.0,95.9,Normal,Normal
2025-07-01 18:21:00,60.5,95.1,Normal,Normal
2025-07-01 18:22:00,85.4,96.7,Normal,Normal
2025-07-01 18:23:00,74.3,96.5,Normal,Normal
2025-07-01 18:24:00,80.5,100.6,Normal,Normal
2025-07-01 18:25:00,69.8,97.6,Normal,Normal
2025-07-01 18:26:00,78.1,94.9,Normal,Normal
2025-07-01 18:27:00,69.7,96.2,Normal,Normal
2025-07-01 18:28:00,71.9,98.5,Normal,Normal
2025-07-01 18:29:00,84.6,100.1,Normal,Normal
2025-07-01 18:30:00,74.0,94.6,Normal,Normal
2025-07-01 18:31:00,76.1,94.2,Normal,Normal
2025-07-01 18:32:00,79.4,99.8,Normal,Normal
2025-07-01 18:33:00,77.5,97.6,Normal,Normal
2025-07-01 18:34:00,75.8,95.7,Normal,Normal
2025-07-01 18:35:00,76.8,97.8,Normal,Normal
2025-07-01 18:36:00,87.0,93.0,Normal,Anomaly
2025-07-01 18:37:00,74.7,97.0,Normal,Normal
2025-07-01 18:38:00,76.0,97.5,Normal,Normal
2025-07-01 18:39:00,80.3,98.4,Normal,Normal
2025-07-01 18:40:00,80.5,95.5,Normal,Normal
2025-07-01 18:41:00,80.9,97.1,Normal,Normal
2025-07-01 18:42:00,78.2,95.6,Normal,Normal
2025-07-01 18:43:00,69.3,97.4,Normal,Normal
2025-07-01 18:44:00,83.2,95.7,Normal,Normal
2025-07-01 18:45:00,69.3,96.4,Normal,Normal
2025-07-01 18:46:00,76.5,95.5,Normal,Normal
2025-07-01 18:47:00,71.2,98.0,Normal,Normal
2025-07-01 18:48:00,74.7,98.3,Normal,Normal
2025-07-01 18:49:00,76.6,96.6,Normal,Normal
2025-07-01 18:50:00,76.6,97.1,Normal,Normal
2025-07-01 18:51:00,77.1,94.8,Normal,Normal
2025-07-01 18:52:00,83.1,96.6,Normal,Normal
2025-07-01 18:53:00,77.3,96.9,Normal,Normal
2025-07-01 18:54:00,73.8,100.9,Normal,Normal
2025-07-01 18:55:00,79.8,95.3,Normal,Normal
2025-07-01 18:56:00,80.9,99.2,Normal,Normal
2025-07-01 18:57:00,68.9,98.5,Normal,Normal
2025-07-01 18:58:00,78.0,97.4,Normal,Normal
2025-07-01 18:59:00,78.5,99.6,Normal,Normal
2025-07-01 19:00:00,73.5,97.6,Normal,Normal
2025-07-01 19:01:00,81.9,97.6,Normal,Normal
2025-07-01 19:02:00,74.2,96.9,Normal,Normal
2025-07-01 19:03:00,75.6,98.8,Normal,Normal
2025-07-01 19:04:00,74.1,98.6,Normal,Normal
2025-07-01 19:05:00,75.1,96.1,Normal,Normal
2025-07-01 19:06:00,69.5,95.0,Normal,Normal
2025-07-01 19:07:00,67.8,96.7,Normal,Normal
2025-07-01 19:08:00,83.0,95.8,Normal,Normal
2025-07-01 19:09:00,70.8,96.9,Normal,Normal
2025-07-01 19:10:00,70.0,98.9,Normal,Normal
2025-07-01 19:11:00,64.2,96.3,Normal,Normal
2025-07-01 19:12:00,71.8,96.9,Normal,Normal
2025-07-01 19:13:00,68.4,97.1,Normal,Normal
2025-07-01 19:14:00,83.2,98.3,Normal,Normal
2025-07-01 19:15:00,80.0,93.6,Normal,Normal
2025-07-01 19:16:00,71.6,96.1,Normal,Normal
2025-07-01 19:17:00,86.3,97.3,Normal,Normal
2025-07-01 19:18:00,79.9,98.8,Normal,Normal
2025-07-01 19:19:00,73.4,96.3,Normal,Normal
2025-07-01 19:20:00,62.5,94.2,Normal,Normal
2025-07-01 19:21:00,86.5,97.9,Normal,Normal
2025-07-01 19:22:00,68.1,96.0,Normal,Normal
2025-07-01 19:23:00,66.8,95.2,Normal,Normal
2025-07-01 19:24:00,80.1,96.1,Normal,Normal
2025-07-01 19:25:00,87.2,96.7,Normal,Normal
2025-07-01 19:26:00,81.9,96.1,Normal,Normal
2025-07-01 19:27:00,77.8,93.7,Normal,Normal
2025-07-01 19:28:00,78.0,98.3,Normal,Normal
2025-07-01 19:29:00,79.3,98.9,Normal,Normal
2025-07-01 19:30:00,78.8,98.0,Normal,Normal
2025-07-01 19:31:00,76.4,95.3,Normal,Normal
2025-07-01 19:32:00,75.5,96.7,Normal,Normal
2025-07-01 19:33:00,74.7,97.0,Normal,Normal
2025-07-01 19:34:00,71.2,97.9,Normal,Normal
2025-07-01 19:35:00,73.6,98.0,Normal,Normal
2025-07-01 19:36:00,66.5,95.9,Normal,Normal
2025-07-01 19:37:00,50.5,97.1,Anomaly,Anomaly
2025-07-01 19:38:00,70.1,97.7,Normal,Normal
2025-07-01 19:39:00,69.5,99.2,Normal,Normal
2025-07-01 19:40:00,75.9,98.1,Normal,Normal
2025-07-01 19:41:00,82.0,98.2,Normal,Normal
2025-07-01 19:42:00,79.6,97.1,Normal,Normal
2025-07-01 19:43:00,67.1,99.1,Normal,Normal
2025-07-01 19:44:00,70.1,97.6,Normal,Normal
2025-07-01 19:45:00,79.7,95.7,Normal,Normal
2025-07-01 19:46:00,70.1,99.1,Normal,Normal
2025-07-01 19:47:00,73.9,98.0,Normal,Normal
2025-07-01 19:48:00,77.8,96.3,Normal,Normal
2025-07-01 19:49:00,70.2,96.3,Normal,Normal
2025-07-01 19:50:00,75.5,97.4,Normal,Normal
2025-07-01 19:51:00,68.3,97.7,Normal,Normal
2025-07-01 19:52:00,72.0,97.3,Normal,Normal
2025-07-01 19:53:00,76.6,97.5,Normal,Normal
2025-07-01 19:54:00,67.0,99.5,Normal,Normal
2025-07-01 19:55:00,77.2,98.6,Normal,Normal
2025-07-01 19:56:00,74.9,97.3,Normal,Normal
2025-07-01 19:57:00,77.8,98.4,Normal,Normal
2025-07-01 19:58:00,76.1,95.5,Normal,Normal
2025-07-01 19:59:00,81.8,97.6,Normal,Normal
2025-07-01 20:00:00,75.6,99.7,Normal,Normal
2025-07-01 20:01:00,123.9,91.4,Anomaly,Anomaly
2025-07-01 20:02:00,75.6,95.7,Normal,Normal
2025-07-01 20:03:00,77.7,96.0,Normal,Normal
2025-07-01 20:04:00,75.2,95.4,Normal,Normal
2025-07-01 20:05:00,75.2,95.8,Normal,Normal
2025-07-01 20:06:00,71.5,96.4,Normal,Normal
2025-07-01 20:07:00,71.7,94.9,Normal,Normal
2025-07-01 20:08:00,68.0,97.0,Normal,Normal
2025-07-01 20:09:00,83.7,98.4,Normal,Normal
2025-07-01 20:10:00,68.8,95.6,Normal,Normal
2025-07-01 20:11:00,71.5,99.3,Normal,Normal
2025-07-01 20:12:00,71.4,97.8,Normal,Normal
2025-07-01 20:13:00,79.5,98.5,Normal,Normal
2025-07-01 20:14:00,73.5,96.0,Normal,Normal
2025-07-01 20:15:00,81.2,98.3,Normal,Normal
2025-07-01 20:16:00,71.6,95.4,Normal,Normal
2025-07-01 20:17:00,76.4,98.3,Normal,Normal
2025-07-01 20:18:00,70.8,97.3,Normal,Normal
2025-07-01 20:19:00,85.7,97.8,Normal,Normal
2025-07-01 20:20:00,69.1,95.2,Normal,Normal
2025-07-01 20:21:00,76.5,95.7,Normal,Normal
2025-07-01 20:22:00,78.2,97.9,Normal,Normal
2025-07-01 20:23:00,77.1,95.6,Normal,Normal
2025-07-01 20:24:00,74.1,97.7,Normal,Normal
2025-07-01 20:25:00,74.4,94.9,Normal,Normal
2025-07-01 20:26:00,75.2,98.3,Normal,Normal
2025-07-01 20:27:00,74.3,95.2,Normal,Normal
2025-07-01 20:28:00,79.8,97.8,Normal,Normal
2025-07-01 20:29:00,86.1,97.9,Normal,Normal
2025-07-01 20:30:00,72.2,96.0,Normal,Normal
2025-07-01 20:31:00,68.2,97.9,Normal,Normal
2025-07-01 20:32:00,74.6,97.4,Normal,Normal
2025-07-01 20:33:00,87.9,96.2,Normal,Normal
2025-07-01 20:34:00,71.0,95.5,Normal,Normal
2025-07-01 20:35:00,83.2,94.1,Normal,Normal
2025-07-01 20:36:00,83.4,97.5,Normal,Normal
2025-07-01 20:37:00,72.2,94.7,Normal,Normal
2025-07-01 20:38:00,77.8,97.1,Normal,Normal
2025-07-01 20:39:00,83.1,96.6,Normal,Normal
2025-07-01 20:40:00,73.1,98.0,Normal,Normal
2025-07-01 20:41:00,74.0,96.5,Normal,Normal
2025-07-01 20:42:00,72.1,96.5,Normal,Normal
2025-07-01 20:43:00,69.9,98.1,Normal,Normal
2025-07-01 20:44:00,71.8,97.5,Normal,Normal
2025-07-01 20:45:00,68.9,97.5,Normal,Normal
2025-07-01 20:46:00,75.2,97.7,Normal,Normal
2025-07-01 20:47:00,71.2,94.7,Normal,Normal
2025-07-01 20:48:00,76.2,98.1,Normal,Normal
2025-07-01 20:49:00,67.2,97.9,Normal,Normal
2025-07-01 20:50:00,76.7,95.5,Normal,Normal
2025-07-01 20:51:00,79.2,96.6,Normal,Normal
2025-07-01 20:52:00,65.0,96.9,Normal,Normal
2025-07-01 20:53:00,76.9,96.8,Normal,Normal
2025-07-01 20:54:00,81.1,97.5,Normal,Normal
2025-07-01 20:55:00,69.0,99.1,Normal,Normal
2025-07-01 20:56:00,83.4,98.6,Normal,Normal
2025-07-01 20:57:00,77.1,95.0,Normal,Normal
2025-07-01 20:58:00,71.5,97.9,Normal,Normal
2025-07-01 20:59:00,74.7,99.0,Normal,Normal
2025-07-01 21:00:00,77.8,97.6,Normal,Normal
2025-07-01 21:01:00,75.4,98.6,Normal,Normal
2025-07-01 21:02:00,77.7,100.0,Normal,Normal
2025-07-01 21:03:00,70.4,98.5,Normal,Normal
2025-07-01 21:04:00,75.8,97.4,Normal,Normal
2025-07-01 21:05:00,67.9,98.6,Normal,Normal
2025-07-01 21:06:00,74.4,97.2,Normal,Normal
2025-07-01 21:07:00,70.5,97.0,Normal,Normal
2025-07-01 21:08:00,71.3,96.5,Normal,Normal
2025-07-01 21:09:00,81.2,99.3,Normal,Normal
2025-07-01 21:10:00,80.5,95.8,Normal,Normal
2025-07-01 21:11:00,78.0,99.3,Normal,Normal
2025-07-01 21:12:00,69.5,97.7,Normal,Normal
2025-07-01 21:13:00,73.4,94.9,Normal,Normal
2025-07-01 21:14:00,81.1,97.6,Normal,Normal
2025-07-01 21:15:00,75.7,93.8,Normal,Normal
2025-07-01 21:16:00,86.6,97.9,Normal,Normal
2025-07-01 21:17:00,77.0,98.3,Normal,Normal
2025-07-01 21:18:00,76.0,96.1,Normal,Normal
2025-07-01 21:19:00,73.5,97.2,Normal,Normal
2025-07-01 21:20:00,75.7,99.9,Normal,Normal
2025-07-01 21:21:00,74.2,96.2,Normal,Normal
2025-07-01 21:22:00,78.5,95.4,Normal,Normal
2025-07-01 21:23:00,79.8,99.2,Normal,Normal
2025-07-01 21:24:00,71.1,99.9,Normal,Normal
2025-07-01 21:25:00,68.3,97.0,Normal,Normal
2025-07-01 21:26:00,65.8,98.5,Normal,Normal
2025-07-01 21:27:00,77.5,99.0,Normal,Normal
2025-07-01 21:28:00,69.5,95.9,Normal,Normal
2025-07-01 21:29:00,64.2,96.3,Normal,Normal
2025-07-01 21:30:00,76.9,98.8,Normal,Normal
2025-07-01 21:31:00,87.5,99.5,Normal,Normal
2025-07-01 21:32:00,75.0,97.8,Normal,Normal
2025-07-01 21:33:00,79.2,95.7,Normal,Normal
2025-07-01 21:34:00,75.4,100.0,Normal,Normal
2025-07-01 21:35:00,74.5,96.2,Normal,Normal
2025-07-01 21:36:00,79.6,96.5,Normal,Normal
2025-07-01 21:37:00,73.5,97.5,Normal,Normal
2025-07-01 21:38:00,76.3,99.3,Normal,Normal
2025-07-01 21:39:00,76.6,98.3,Normal,Normal
2025-07-01 21:40:00,71.7,97.6,Normal,Normal
2025-07-01 21:41:00,80.0,97.7,Normal,Normal
2025-07-01 21:42:00,74.1,97.1,Normal,Normal
2025-07-01 21:43:00,71.2,97.8,Normal,Normal
2025-07-01 21:44:00,77.7,93.2,Normal,Normal
2025-07-01 21:45:00,70.5,96.6,Normal,Normal
2025-07-01 21:46:00,75.1,97.4,Normal,Normal
2025-07-01 21:47:00,75.0,95.3,Normal,Normal
2025-07-01 21:48:00,80.4,97.6,Normal,Normal
2025-07-01 21:49:00,77.4,96.7,Normal,Normal
2025-07-01 21:50:00,74.9,99.6,Normal,Normal
2025-07-01 21:51:00,79.1,99.4,Normal,Normal
2025-07-01 21:52:00,82.0,96.3,Normal,Normal
2025-07-01 21:53:00,77.8,96.8,Normal,Normal
2025-07-01 21:54:00,75.1,96.9,Normal,Normal
2025-07-01 21:55:00,68.4,96.3,Normal,Normal
2025-07-01 21:56:00,69.7,97.3,Normal,Normal
2025-07-01 21:57:00,73.5,95.9,Normal,Normal
2025-07-01 21:58:00,72.0,95.3,Normal,Normal
2025-07-01 21:59:00,74.1,97.9,Normal,Normal
2025-07-01 22:00:00,75.3,97.9,Normal,Normal
2025-07-01 22:01:00,77.6,95.8,Normal,Normal
2025-07-01 22:02:00,74.6,98.3,Normal,Normal
2025-07-01 22:03:00,77.4,96.1,Normal,Normal
2025-07-01 22:04:00,75.3,97.4,Normal,Normal
2025-07-01 22:05:00,65.1,98.2,Normal,Normal
2025-07-01 22:06:00,70.3,96.9,Normal,Normal
2025-07-01 22:07:00,74.3,97.7,Normal,Normal
2025-07-01 22:08:00,69.0,96.2,Normal,Normal
2025-07-01 22:09:00,78.0,96.7,Normal,Normal
2025-07-01 22:10:00,82.7,96.7,Normal,Normal
2025-07-01 22:11:00,81.1,95.9,Normal,Normal
2025-07-01 22:12:00,73.9,96.7,Normal,Normal
2025-07-01 22:13:00,82.5,94.7,Normal,Normal
2025-07-01 22:14:00,75.7,96.3,Normal,Normal
2025-07-01 22:15:00,73.3,96.6,Normal,Normal
2025-07-01 22:16:00,71.9,96.6,Normal,Normal
2025-07-01 22:17:00,73.5,96.6,Normal,Normal
2025-07-01 22:18:00,73.1,96.9,Normal,Normal
2025-07-01 22:19:00,75.9,97.7,Normal,Normal
2025-07-01 22:20:00,75.8,98.3,Normal,Normal
2025-07-01 22:21:00,75.0,96.0,Normal,Normal
2025-07-01 22:22:00,77.2,95.2,Normal,Normal
2025-07-01 22:23:00,57.0,95.4,Anomaly,Normal
2025-07-01 22:24:00,79.7,96.3,Normal,Normal
2025-07-01 22:25:00,67.6,96.5,Normal,Normal
2025-07-01 22:26:00,62.2,95.8,Normal,Normal
2025-07-01 22:27:00,79.7,95.1,Normal,Normal
2025-07-01 22:28:00,68.2,96.3,Normal,Normal
2025-07-01 22:29:00,73.9,97.3,Normal,Normal
2025-07-01 22:30:00,69.1,97.9,Normal,Normal
2025-07-01 22:31:00,66.0,96.2,Normal,Normal
2025-07-01 22:32:00,77.7,96.4,Normal,Normal
2025-07-01 22:33:00,78.8,95.6,Normal,Normal
2025-07-01 22:34:00,72.1,97.0,Normal,Normal
2025-07-01 22:35:00,62.0,95.7,Normal,Normal
2025-07-01 22:36:00,72.3,97.9,Normal,Normal
2025-07-01 22:37:00,77.0,94.3,Normal,Normal
2025-07-01 22:38:00,67.6,96.5,Normal,Normal
2025-07-01 22:39:00,75.9,97.5,Normal,Normal
2025-07-01 22:40:00,74.9,97.3,Normal,Normal
2025-07-01 22:41:00,77.9,101.0,Normal,Normal
2025-07-01 22:42:00,75.6,97.5,Normal,Normal
2025-07-01 22:43:00,70.1,95.5,Normal,Normal
2025-07-01 22:44:00,81.0,96.9,Normal,Normal
2025-07-01 22:45:00,74.2,94.3,Normal,Normal
2025-07-01 22:46:00,74.9,96.9,Normal,Normal
2025-07-01 22:47:00,70.3,95.8,Normal,Normal
2025-07-01 22:48:00,72.8,98.4,Normal,Normal
2025-07-01 22:49:00,70.6,96.2,Normal,Normal
2025-07-01 22:50:00,74.1,96.8,Normal,Normal
2025-07-01 22:51:00,83.6,96.0,Normal,Normal
2025-07-01 22:52:00,68.1,99.6,Normal,Normal
2025-07-01 22:53:00,66.9,96.5,Normal,Normal
2025-07-01 22:54:00,82.4,99.7,Normal,Normal
2025-07-01 22:55:00,74.0,98.2,Normal,Normal
2025-07-01 22:56:00,71.7,97.7,Normal,Normal
2025-07-01 22:57:00,80.2,97.6,Normal,Normal
2025-07-01 22:58:00,72.0,97.6,Normal,Normal
2025-07-01 22:59:00,84.1,94.1,Normal,Normal
2025-07-01 23:00:00,78.4,96.6,Normal,Normal
2025-07-01 23:01:00,72.6,98.3,Normal,Normal
2025-07-01 23:02:00,85.8,96.9,Normal,Normal
2025-07-01 23:03:00,72.0,94.9,Normal,Normal
2025-07-01 23:04:00,78.7,96.9,Normal,Normal
2025-07-01 23:05:00,76.5,99.6,Normal,Normal
2025-07-01 23:06:00,81.5,98.9,Normal,Normal
2025-07-01 23:07:00,82.8,96.9,Normal,Normal
2025-07-01 23:08:00,75.2,98.4,Normal,Normal
2025-07-01 23:09:00,71.2,96.5,Normal,Normal
2025-07-01 23:10:00,77.3,94.4,Normal,Normal
2025-07-01 23:11:00,71.6,95.6,Normal,Normal
2025-07-01 23:12:00,85.1,99.3,Normal,Normal
2025-07-01 23:13:00,75.7,96.6,Normal,Normal
2025-07-01 23:14:00,73.2,96.6,Normal,Normal
2025-07-01 23:15:00,75.9,96.6,Normal,Normal
2025-07-01 23:16:00,68.3,99.9,Normal,Normal
2025-07-01 23:17:00,70.1,99.4,Normal,Normal
2025-07-01 23:18:00,56.0,100.3,Anomaly,Anomaly
2025-07-01 23:19:00,71.7,96.8,Normal,Normal
2025-07-01 23:20:00,69.8,97.4,Normal,Normal
2025-07-01 23:21:00,77.7,94.7,Normal,Normal
2025-07-01 23:22:00,80.9,99.2,Normal,Normal
2025-07-01 23:23:00,78.6,95.2,Normal,Normal
2025-07-01 23:24:00,80.0,97.3,Normal,Normal
2025-07-01 23:25:00,71.2,95.4,Normal,Normal
2025-07-01 23:26:00,67.9,96.1,Normal,Normal
2025-07-01 23:27:00,82.5,95.7,Normal,Normal
2025-07-01 23:28:00,73.4,96.1,Normal,Normal
2025-07-01 23:29:00,73.7,96.2,Normal,Normal
2025-07-01 23:30:00,81.6,96.2,Normal,Normal
2025-07-01 23:31:00,77.8,98.3,Normal,Normal
2025-07-01 23:32:00,77.3,95.3,Normal,Normal
2025-07-01 23:33:00,85.8,97.3,Normal,Normal
2025-07-01 23:34:00,71.8,98.8,Normal,Normal
2025-07-01 23:35:00,79.6,96.2,Normal,Normal
2025-07-01 23:36:00,75.3,95.9,Normal,Normal
2025-07-01 23:37:00,76.3,96.7,Normal,Normal
2025-07-01 23:38:00,82.6,98.8,Normal,Normal
2025-07-01 23:39:00,77.5,97.3,Normal,Normal
2025-07-01 23:40:00,77.7,96.2,Normal,Normal
2025-07-01 23:41:00,80.4,97.7,Normal,Normal
2025-07-01 23:42:00,73.2,95.3,Normal,Normal
2025-07-01 23:43:00,70.8,98.0,Normal,Normal
2025-07-01 23:44:00,69.8,97.6,Normal,Normal
2025-07-01 23:45:00,65.2,96.5,Normal,Normal
2025-07-01 23:46:00,85.3,95.7,Normal,Normal
2025-07-01 23:47:00,69.5,95.7,Normal,Normal
2025-07-01 23:48:00,73.9,97.8,Normal,Normal
2025-07-01 23:49:00,73.6,98.8,Normal,Normal
2025-07-01 23:50:00,76.5,96.0,Normal,Normal
2025-07-01 23:51:00,79.1,97.7,Normal,Normal
2025-07-01 23:52:00,79.3,93.9,Normal,Normal
2025-07-01 23:53:00,72.1,96.1,Normal,Normal
2025-07-01 23:54:00,74.2,97.0,Normal,Normal
2025-07-01 23:55:00,76.4,95.6,Normal,Normal
2025-07-01 23:56:00,73.8,95.6,Normal,Normal
2025-07-01 23:57:00,83.0,96.0,Normal,Normal
2025-07-01 23:58:00,77.5,97.4,Normal,Normal
2025-07-01 23:59:00,78.7,96.7,Normal,Normal
